,x,y,z,tagId,timestamp
0,2564,-243,0,26383,2018-10-24 18:39:04.114000082
1,2322,-375,0,26457,2018-10-24 18:39:04.163000107
2,2509,373,0,26376,2018-10-24 18:39:04.200000048
3,2644,-194,0,26383,2018-10-24 18:39:04.276999950
4,2323,-411,0,26457,2018-10-24 18:39:04.341000080
5,2468,331,0,26376,2018-10-24 18:39:04.408999920
6,2745,-7,0,26383,2018-10-24 18:39:04.500000000
7,2331,-402,0,26457,2018-10-24 18:39:04.551000118
8,2417,333,0,26376,2018-10-24 18:39:04.588000059
9,2603,-7,0,26383,2018-10-24 18:39:04.704999924
10,2283,-393,0,26457,2018-10-24 18:39:04.795000076
11,2624,412,0,26376,2018-10-24 18:39:04.884999990
12,2624,-109,0,26383,2018-10-24 18:39:04.997999907
13,2279,-500,0,26457,2018-10-24 18:39:05.049000025
14,2700,503,0,26376,2018-10-24 18:39:05.098000050
15,2698,-129,0,26383,2018-10-24 18:39:05.223000050
16,2252,-517,0,26457,2018-10-24 18:39:05.302000046
17,2481,362,0,26376,2018-10-24 18:39:05.388000011
18,2703,-131,0,26383,2018-10-24 18:39:05.517999887
19,2282,-404,0,26457,2018-10-24 18:39:05.565999985
20,2575,422,0,26376,2018-10-24 18:39:05.602999926
21,2552,28,0,26383,2018-10-24 18:39:05.691999912
22,2268,-368,0,26457,2018-10-24 18:39:05.759999990
23,2576,454,0,26376,2018-10-24 18:39:05.822999954
24,2590,-196,0,26383,2018-10-24 18:39:05.941999912
25,2270,-416,0,26457,2018-10-24 18:39:05.992000103
26,2544,395,0,26376,2018-10-24 18:39:06.032999992
27,2585,-167,0,26383,2018-10-24 18:39:06.148999929
28,2288,-444,0,26457,2018-10-24 18:39:06.209000111
29,2662,391,0,26376,2018-10-24 18:39:06.280999899
30,2339,-706,0,26383,2018-10-24 18:39:06.440000057
31,2356,-366,0,26457,2018-10-24 18:39:06.497999907
32,2648,370,0,26376,2018-10-24 18:39:06.542999983
33,2560,-562,0,26383,2018-10-24 18:39:06.651000023
34,2236,-423,0,26457,2018-10-24 18:39:06.710000038
35,2672,365,0,26376,2018-10-24 18:39:06.788000107
36,2555,63,0,26383,2018-10-24 18:39:06.930000067
37,2306,-442,0,26457,2018-10-24 18:39:06.996000051
38,2639,392,0,26376,2018-10-24 18:39:07.049999952
39,2492,-59,0,26383,2018-10-24 18:39:07.135999918
40,2317,-400,0,26457,2018-10-24 18:39:07.190000057
41,2790,319,0,26376,2018-10-24 18:39:07.262000084
42,2387,97,0,26383,2018-10-24 18:39:07.414000034
43,2290,-398,0,26457,2018-10-24 18:39:07.500999928
44,2755,374,0,26376,2018-10-24 18:39:07.539000034
45,2487,-154,0,26383,2018-10-24 18:39:07.605000019
46,2279,-442,0,26457,2018-10-24 18:39:07.651999950
47,2773,294,0,26376,2018-10-24 18:39:07.693000078
48,2502,-21,0,26383,2018-10-24 18:39:07.842000008
49,2312,-386,0,26457,2018-10-24 18:39:07.905999899
50,2820,308,0,26376,2018-10-24 18:39:07.947000027
51,2511,-65,0,26383,2018-10-24 18:39:08.062999964
52,2294,-591,0,26457,2018-10-24 18:39:08.112999916
53,2820,111,0,26376,2018-10-24 18:39:08.151000023
54,2513,-93,0,26383,2018-10-24 18:39:08.204999924
55,2309,-595,0,26457,2018-10-24 18:39:08.280999899
56,2632,279,0,26376,2018-10-24 18:39:08.331000090
57,2461,-118,0,26383,2018-10-24 18:39:08.466000080
58,2318,-501,0,26457,2018-10-24 18:39:08.516000032
59,2769,476,0,26376,2018-10-24 18:39:08.552000046
60,2408,9,0,26383,2018-10-24 18:39:08.667000055
61,2303,-435,0,26457,2018-10-24 18:39:08.717000008
62,2689,532,0,26376,2018-10-24 18:39:08.796999931
63,2444,-131,0,26383,2018-10-24 18:39:08.928999901
64,2315,-431,0,26457,2018-10-24 18:39:08.980999947
65,2859,742,0,26376,2018-10-24 18:39:09.019000053
66,2338,18,0,26383,2018-10-24 18:39:09.132999897
67,2282,-620,0,26457,2018-10-24 18:39:09.183000088
68,2864,752,0,26376,2018-10-24 18:39:09.220999956
69,2043,302,0,26383,2018-10-24 18:39:09.303999901
70,2301,-615,0,26457,2018-10-24 18:39:09.365999937
71,3106,841,0,26376,2018-10-24 18:39:09.436000109
72,2134,66,0,26383,2018-10-24 18:39:09.517999887
73,2350,-400,0,26457,2018-10-24 18:39:09.565000057
74,3075,747,0,26376,2018-10-24 18:39:09.601999998
75,2340,-210,0,26383,2018-10-24 18:39:09.651999950
76,2338,-490,0,26457,2018-10-24 18:39:09.700999975
77,3134,546,0,26376,2018-10-24 18:39:09.776999950
78,2287,-96,0,26383,2018-10-24 18:39:09.904000044
79,2334,-702,0,26457,2018-10-24 18:39:09.951999903
80,3122,608,0,26376,2018-10-24 18:39:09.989000082
81,2407,-15,0,26383,2018-10-24 18:39:10.105000019
82,2346,-591,0,26457,2018-10-24 18:39:10.154000044
83,3048,638,0,26376,2018-10-24 18:39:10.194999933
84,2494,83,0,26383,2018-10-24 18:39:10.276000023
85,2293,-558,0,26457,2018-10-24 18:39:10.335000038
86,2824,689,0,26376,2018-10-24 18:39:10.411999941
87,2638,-162,0,26383,2018-10-24 18:39:10.483999968
88,2267,-648,0,26457,2018-10-24 18:39:10.540999889
89,2960,648,0,26376,2018-10-24 18:39:10.592999935
90,2578,-200,0,26383,2018-10-24 18:39:10.713000059
91,2263,-576,0,26457,2018-10-24 18:39:10.783999920
92,2731,391,0,26376,2018-10-24 18:39:10.835999966
93,2646,-189,0,26383,2018-10-24 18:39:10.970000029
94,2335,-643,0,26457,2018-10-24 18:39:11.019000053
95,2641,416,0,26376,2018-10-24 18:39:11.055999994
96,2730,-170,0,26383,2018-10-24 18:39:11.167999983
97,2317,-509,0,26457,2018-10-24 18:39:11.217000008
98,2611,421,0,26376,2018-10-24 18:39:11.296000004
99,2829,-260,0,26383,2018-10-24 18:39:11.438999891
100,2364,-479,0,26457,2018-10-24 18:39:11.493999958
101,2591,266,0,26376,2018-10-24 18:39:11.532999992
102,2946,-186,0,26383,2018-10-24 18:39:11.648999929
103,2318,-460,0,26457,2018-10-24 18:39:11.698999882
104,2446,309,0,26376,2018-10-24 18:39:11.747999907
105,2910,-251,0,26383,2018-10-24 18:39:11.821000099
106,2134,-283,0,26457,2018-10-24 18:39:11.881999969
107,2608,325,0,26376,2018-10-24 18:39:11.921000004
108,2945,-294,0,26383,2018-10-24 18:39:12.032999992
109,2280,-669,0,26457,2018-10-24 18:39:12.084000111
110,1976,1049,0,26376,2018-10-24 18:39:12.121000051
111,2945,-309,0,26383,2018-10-24 18:39:12.246999979
112,2332,-512,0,26457,2018-10-24 18:39:12.321000099
113,2124,535,0,26376,2018-10-24 18:39:12.403000116
114,2928,-293,0,26383,2018-10-24 18:39:12.513000011
115,2299,-726,0,26457,2018-10-24 18:39:12.563999891
116,2316,709,0,26376,2018-10-24 18:39:12.602999926
117,2861,-255,0,26383,2018-10-24 18:39:12.716000080
118,2301,-548,0,26457,2018-10-24 18:39:12.795000076
119,2120,881,0,26376,2018-10-24 18:39:12.832999945
120,2798,-54,0,26383,2018-10-24 18:39:12.895999908
121,2299,-583,0,26457,2018-10-24 18:39:12.944000006
122,2018,1045,0,26376,2018-10-24 18:39:12.982000113
123,2741,51,0,26383,2018-10-24 18:39:13.096999884
124,2354,-464,0,26457,2018-10-24 18:39:13.148000002
125,1670,1751,0,26376,2018-10-24 18:39:13.184999943
126,2787,258,0,26383,2018-10-24 18:39:13.233999968
127,2312,-529,0,26457,2018-10-24 18:39:13.306999922
128,1548,1743,0,26376,2018-10-24 18:39:13.361000061
129,2796,553,0,26383,2018-10-24 18:39:13.500999928
130,2323,-591,0,26457,2018-10-24 18:39:13.549999952
131,1518,1782,0,26376,2018-10-24 18:39:13.588999987
132,2543,698,0,26383,2018-10-24 18:39:13.710000038
133,2296,-456,0,26457,2018-10-24 18:39:13.783999920
134,1391,1678,0,26376,2018-10-24 18:39:13.834000111
135,1868,1508,0,26383,2018-10-24 18:39:13.960999966
136,2298,-543,0,26457,2018-10-24 18:39:14.012000084
137,1281,1801,0,26376,2018-10-24 18:39:14.051000118
138,2144,1150,0,26383,2018-10-24 18:39:14.167999983
139,2286,-528,0,26457,2018-10-24 18:39:14.217999935
140,1259,1926,0,26376,2018-10-24 18:39:14.282999992
141,2024,1344,0,26383,2018-10-24 18:39:14.438999891
142,2304,-486,0,26457,2018-10-24 18:39:14.486999989
143,1403,2220,0,26376,2018-10-24 18:39:14.526999950
144,1749,1918,0,26383,2018-10-24 18:39:14.642999887
145,2320,-482,0,26457,2018-10-24 18:39:14.694999933
146,1288,2596,0,26376,2018-10-24 18:39:14.732000113
147,1754,1862,0,26383,2018-10-24 18:39:14.813999891
148,2319,-518,0,26457,2018-10-24 18:39:14.878999949
149,962,2379,0,26376,2018-10-24 18:39:14.917999983
150,1471,1764,0,26383,2018-10-24 18:39:15.026000023
151,2331,-473,0,26457,2018-10-24 18:39:15.075999975
152,1111,2468,0,26376,2018-10-24 18:39:15.115000010
153,1376,1849,0,26383,2018-10-24 18:39:15.232000113
154,2334,-435,0,26457,2018-10-24 18:39:15.303999901
155,851,2517,0,26376,2018-10-24 18:39:15.342999935
156,1343,2076,0,26383,2018-10-24 18:39:15.417999983
157,2297,-405,0,26457,2018-10-24 18:39:15.464999914
158,739,2550,0,26376,2018-10-24 18:39:15.500000000
159,1081,2118,0,26383,2018-10-24 18:39:15.619999886
160,2317,-491,0,26457,2018-10-24 18:39:15.667999983
161,-240,2341,0,26376,2018-10-24 18:39:15.713999987
162,784,2221,0,26383,2018-10-24 18:39:15.855000019
163,2317,-452,0,26457,2018-10-24 18:39:15.918999910
164,-240,2341,0,26376,2018-10-24 18:39:15.956000090
165,736,2367,0,26383,2018-10-24 18:39:16.078999996
166,2332,-493,0,26457,2018-10-24 18:39:16.128999949
167,701,2857,0,26376,2018-10-24 18:39:16.167000055
168,905,2538,0,26383,2018-10-24 18:39:16.223000050
169,2331,-464,0,26457,2018-10-24 18:39:16.302000046
170,117,2773,0,26376,2018-10-24 18:39:16.369999886
171,1169,2428,0,26383,2018-10-24 18:39:16.500999928
172,2319,-477,0,26457,2018-10-24 18:39:16.549999952
173,-106,2600,0,26376,2018-10-24 18:39:16.588999987
174,1635,2920,0,26383,2018-10-24 18:39:16.700000048
175,2306,-504,0,26457,2018-10-24 18:39:16.780999899
176,46,3047,0,26376,2018-10-24 18:39:16.832000017
177,1446,2280,0,26383,2018-10-24 18:39:16.953999996
178,2268,-451,0,26457,2018-10-24 18:39:17.002000093
179,-656,2702,0,26376,2018-10-24 18:39:17.038000107
180,1818,2383,0,26383,2018-10-24 18:39:17.154000044
181,2309,-456,0,26457,2018-10-24 18:39:17.201999903
182,-484,2814,0,26376,2018-10-24 18:39:17.257999896
183,1919,3013,0,26383,2018-10-24 18:39:17.335999966
184,2262,-411,0,26457,2018-10-24 18:39:17.421999931
185,247,2884,0,26376,2018-10-24 18:39:17.467000008
186,1739,2786,0,26383,2018-10-24 18:39:17.540999889
187,2336,-430,0,26457,2018-10-24 18:39:17.594000101
188,201,2777,0,26376,2018-10-24 18:39:17.632999897
189,2228,3272,0,26383,2018-10-24 18:39:17.759000063
190,2337,-417,0,26457,2018-10-24 18:39:17.835999966
191,663,3106,0,26376,2018-10-24 18:39:17.888000011
192,1791,2884,0,26383,2018-10-24 18:39:18.009999990
193,2336,-460,0,26457,2018-10-24 18:39:18.062999964
194,497,3171,0,26376,2018-10-24 18:39:18.102999926
195,934,2899,0,26383,2018-10-24 18:39:18.232000113
196,2302,-450,0,26457,2018-10-24 18:39:18.306999922
197,698,3059,0,26376,2018-10-24 18:39:18.346999884
198,526,2711,0,26383,2018-10-24 18:39:18.490000010
199,2304,-465,0,26457,2018-10-24 18:39:18.538000107
200,608,2785,0,26376,2018-10-24 18:39:18.581000090
201,1247,2692,0,26383,2018-10-24 18:39:18.631000042
202,2317,-447,0,26457,2018-10-24 18:39:18.678999901
203,526,2612,0,26376,2018-10-24 18:39:18.717000008
204,1315,2612,0,26383,2018-10-24 18:39:18.857000113
205,2337,-417,0,26457,2018-10-24 18:39:18.920000076
206,582,2492,0,26376,2018-10-24 18:39:18.960999966
207,1177,2840,0,26383,2018-10-24 18:39:19.078999996
208,2297,-405,0,26457,2018-10-24 18:39:19.131000042
209,655,2571,0,26376,2018-10-24 18:39:19.171000004
210,915,2461,0,26383,2018-10-24 18:39:19.217999935
211,2325,-429,0,26457,2018-10-24 18:39:19.295000076
212,157,2819,0,26376,2018-10-24 18:39:19.345999956
213,1421,2580,0,26383,2018-10-24 18:39:19.483000040
214,2304,-457,0,26457,2018-10-24 18:39:19.532999992
215,81,2625,0,26376,2018-10-24 18:39:19.569999933
216,291,2361,0,26383,2018-10-24 18:39:19.690000057
217,2316,-444,0,26457,2018-10-24 18:39:19.743000031
218,539,2802,0,26376,2018-10-24 18:39:19.811000109
219,416,2456,0,26383,2018-10-24 18:39:19.940999985
220,2318,-468,0,26457,2018-10-24 18:39:19.990000010
221,-99,2425,0,26376,2018-10-24 18:39:20.026999950
222,1604,2765,0,26383,2018-10-24 18:39:20.147000074
223,2300,-375,0,26457,2018-10-24 18:39:20.198999882
224,-430,2500,0,26376,2018-10-24 18:39:20.236999989
225,623,2433,0,26383,2018-10-24 18:39:20.318000078
226,2331,-445,0,26457,2018-10-24 18:39:20.381000042
227,19,2729,0,26376,2018-10-24 18:39:20.450000048
228,696,2471,0,26383,2018-10-24 18:39:20.536000013
229,2303,-428,0,26457,2018-10-24 18:39:20.594000101
230,-50,2609,0,26376,2018-10-24 18:39:20.644999981
231,532,2565,0,26383,2018-10-24 18:39:20.785000086
232,2334,-472,0,26457,2018-10-24 18:39:20.884000063
233,-62,2517,0,26376,2018-10-24 18:39:20.944000006
234,953,2641,0,26383,2018-10-24 18:39:21.028000116
235,2270,-470,0,26457,2018-10-24 18:39:21.095999956
236,45,2559,0,26376,2018-10-24 18:39:21.150000095
237,847,2546,0,26383,2018-10-24 18:39:21.295000076
238,2262,-415,0,26457,2018-10-24 18:39:21.423000097
239,72,2571,0,26376,2018-10-24 18:39:21.513999938
240,541,2472,0,26383,2018-10-24 18:39:21.622999907
241,2304,-411,0,26457,2018-10-24 18:39:21.684999943
242,112,2584,0,26376,2018-10-24 18:39:21.747999907
243,513,2458,0,26383,2018-10-24 18:39:21.914000034
244,2355,-396,0,26457,2018-10-24 18:39:22.019999981
245,182,2658,0,26376,2018-10-24 18:39:22.078000069
246,735,2606,0,26383,2018-10-24 18:39:22.209000111
247,2330,-383,0,26457,2018-10-24 18:39:22.276000023
248,174,2637,0,26376,2018-10-24 18:39:22.381000042
249,450,2470,0,26383,2018-10-24 18:39:22.494999886
250,2334,-472,0,26457,2018-10-24 18:39:22.552000046
251,173,2624,0,26376,2018-10-24 18:39:22.601999998
252,493,2505,0,26383,2018-10-24 18:39:22.690000057
253,2310,-441,0,26457,2018-10-24 18:39:22.782000065
254,225,2605,0,26376,2018-10-24 18:39:22.861000061
255,661,2597,0,26383,2018-10-24 18:39:22.951999903
256,2348,-484,0,26457,2018-10-24 18:39:23.003000021
257,85,2786,0,26376,2018-10-24 18:39:23.052000046
258,469,2500,0,26383,2018-10-24 18:39:23.180999994
259,2362,-402,0,26457,2018-10-24 18:39:23.244999886
260,280,2774,0,26376,2018-10-24 18:39:23.325999975
261,497,2462,0,26383,2018-10-24 18:39:23.440999985
262,2362,-402,0,26457,2018-10-24 18:39:23.492000103
263,152,2725,0,26376,2018-10-24 18:39:23.543999910
264,532,2456,0,26383,2018-10-24 18:39:23.644999981
265,2352,-401,0,26457,2018-10-24 18:39:23.697000027
266,55,2661,0,26376,2018-10-24 18:39:23.736999989
267,535,2418,0,26383,2018-10-24 18:39:23.878000021
268,2287,-374,0,26457,2018-10-24 18:39:23.948999882
269,34,2616,0,26376,2018-10-24 18:39:23.984999895
270,508,2438,0,26383,2018-10-24 18:39:24.108000040
271,2302,-386,0,26457,2018-10-24 18:39:24.160000086
272,-48,2577,0,26376,2018-10-24 18:39:24.198999882
273,753,2523,0,26383,2018-10-24 18:39:24.247999907
274,2310,-377,0,26457,2018-10-24 18:39:24.322000027
275,-53,2514,0,26376,2018-10-24 18:39:24.382999897
276,667,2460,0,26383,2018-10-24 18:39:24.506000042
277,2286,-412,0,26457,2018-10-24 18:39:24.559000015
278,-113,2494,0,26376,2018-10-24 18:39:24.607000113
279,962,2583,0,26383,2018-10-24 18:39:24.721999884
280,2312,-447,0,26457,2018-10-24 18:39:24.796999931
281,-392,2254,0,26376,2018-10-24 18:39:24.848999977
282,446,2406,0,26383,2018-10-24 18:39:24.976999998
283,2312,-447,0,26457,2018-10-24 18:39:25.026999950
284,-111,2491,0,26376,2018-10-24 18:39:25.065000057
285,483,2457,0,26383,2018-10-24 18:39:25.184000015
286,2316,-399,0,26457,2018-10-24 18:39:25.232000113
287,-346,2350,0,26376,2018-10-24 18:39:25.308000088
288,534,2501,0,26383,2018-10-24 18:39:25.453000069
289,2290,-398,0,26457,2018-10-24 18:39:25.503000020
290,-387,2316,0,26376,2018-10-24 18:39:25.540999889
291,580,2431,0,26383,2018-10-24 18:39:25.663000107
292,2322,-365,0,26457,2018-10-24 18:39:25.713000059
293,-173,2510,0,26376,2018-10-24 18:39:25.766000032
294,547,2491,0,26383,2018-10-24 18:39:25.921000004
295,2293,-443,0,26457,2018-10-24 18:39:25.970000029
296,629,3058,0,26376,2018-10-24 18:39:26.009999990
297,448,2431,0,26383,2018-10-24 18:39:26.128000020
298,2306,-460,0,26457,2018-10-24 18:39:26.177999973
299,558,2680,0,26376,2018-10-24 18:39:26.216000080
300,471,2452,0,26383,2018-10-24 18:39:26.309999943
301,2235,-409,0,26457,2018-10-24 18:39:26.378000021
302,340,2604,0,26376,2018-10-24 18:39:26.438999891
303,914,2593,0,26383,2018-10-24 18:39:26.516999960
304,2348,-455,0,26457,2018-10-24 18:39:26.566999912
305,698,2778,0,26376,2018-10-24 18:39:26.607000113
306,609,2609,0,26383,2018-10-24 18:39:26.727999926
307,2338,-475,0,26457,2018-10-24 18:39:26.812000036
308,644,2738,0,26376,2018-10-24 18:39:26.849999905
309,638,2507,0,26383,2018-10-24 18:39:26.979000092
310,2311,-471,0,26457,2018-10-24 18:39:27.029000044
311,658,2790,0,26376,2018-10-24 18:39:27.065999985
312,383,2473,0,26383,2018-10-24 18:39:27.118000031
313,2310,-458,0,26457,2018-10-24 18:39:27.167000055
314,674,2693,0,26376,2018-10-24 18:39:27.204999924
315,854,2606,0,26383,2018-10-24 18:39:27.351999998
316,2325,-432,0,26457,2018-10-24 18:39:27.421999931
317,616,2855,0,26376,2018-10-24 18:39:27.460999966
318,990,2610,0,26383,2018-10-24 18:39:27.579999924
319,2300,-421,0,26457,2018-10-24 18:39:27.631000042
320,529,2781,0,26376,2018-10-24 18:39:27.670000076
321,737,2561,0,26383,2018-10-24 18:39:27.717999935
322,2288,-439,0,26457,2018-10-24 18:39:27.796999931
323,845,2724,0,26376,2018-10-24 18:39:27.846999884
324,841,2599,0,26383,2018-10-24 18:39:27.967000008
325,2339,-465,0,26457,2018-10-24 18:39:28.017999887
326,327,2593,0,26376,2018-10-24 18:39:28.059999943
327,380,2656,0,26383,2018-10-24 18:39:28.178999901
328,2325,-454,0,26457,2018-10-24 18:39:28.230999947
329,475,2509,0,26376,2018-10-24 18:39:28.299999952
330,803,2566,0,26383,2018-10-24 18:39:28.447999954
331,2289,-423,0,26457,2018-10-24 18:39:28.506000042
332,446,2508,0,26376,2018-10-24 18:39:28.555999994
333,141,2415,0,26383,2018-10-24 18:39:28.677999973
334,2304,-465,0,26457,2018-10-24 18:39:28.736999989
335,503,2609,0,26376,2018-10-24 18:39:28.815999985
336,665,2484,0,26383,2018-10-24 18:39:28.930999994
337,2340,-449,0,26457,2018-10-24 18:39:28.990999937
338,261,2426,0,26376,2018-10-24 18:39:29.040999889
339,564,2458,0,26383,2018-10-24 18:39:29.157999992
340,2310,-422,0,26457,2018-10-24 18:39:29.213000059
341,674,2797,0,26376,2018-10-24 18:39:29.253999949
342,278,2385,0,26383,2018-10-24 18:39:29.417999983
343,2417,-466,0,26457,2018-10-24 18:39:29.487999916
344,322,2573,0,26376,2018-10-24 18:39:29.529999970
345,303,2647,0,26383,2018-10-24 18:39:29.631999969
346,2346,-408,0,26457,2018-10-24 18:39:29.681999922
347,284,2625,0,26376,2018-10-24 18:39:29.720999956
348,303,2647,0,26383,2018-10-24 18:39:29.868000031
349,2316,-442,0,26457,2018-10-24 18:39:29.931999922
350,732,2734,0,26376,2018-10-24 18:39:29.969000101
351,440,2465,0,26383,2018-10-24 18:39:30.082999945
352,2305,-441,0,26457,2018-10-24 18:39:30.131000042
353,708,2805,0,26376,2018-10-24 18:39:30.168999910
354,603,2667,0,26383,2018-10-24 18:39:30.230999947
355,2315,-412,0,26457,2018-10-24 18:39:30.301000118
356,349,2736,0,26376,2018-10-24 18:39:30.351000071
357,660,2769,0,26383,2018-10-24 18:39:30.492000103
358,2294,-392,0,26457,2018-10-24 18:39:30.543999910
359,639,2556,0,26376,2018-10-24 18:39:30.582999945
360,644,2619,0,26383,2018-10-24 18:39:30.696000099
361,2317,-434,0,26457,2018-10-24 18:39:30.746999979
362,556,2397,0,26376,2018-10-24 18:39:30.819000006
363,268,2446,0,26383,2018-10-24 18:39:30.961999893
364,2301,-415,0,26457,2018-10-24 18:39:31.012000084
365,394,2165,0,26376,2018-10-24 18:39:31.052000046
366,466,2478,0,26383,2018-10-24 18:39:31.165999889
367,2289,-468,0,26457,2018-10-24 18:39:31.217000008
368,883,2138,0,26376,2018-10-24 18:39:31.266999959
369,559,2458,0,26383,2018-10-24 18:39:31.338999987
370,2350,-494,0,26457,2018-10-24 18:39:31.417999983
371,480,1891,0,26376,2018-10-24 18:39:31.454999924
372,818,2505,0,26383,2018-10-24 18:39:31.546000004
373,2337,-435,0,26457,2018-10-24 18:39:31.595000029
374,682,1905,0,26376,2018-10-24 18:39:31.634000063
375,720,2422,0,26383,2018-10-24 18:39:31.755000114
376,2335,-387,0,26457,2018-10-24 18:39:31.831000090
377,1022,1892,0,26376,2018-10-24 18:39:31.895999908
378,745,2530,0,26383,2018-10-24 18:39:32.015000105
379,2308,-436,0,26457,2018-10-24 18:39:32.065000057
380,1257,1709,0,26376,2018-10-24 18:39:32.101999998
381,431,2479,0,26383,2018-10-24 18:39:32.150000095
382,2323,-445,0,26457,2018-10-24 18:39:32.197999954
383,1224,1499,0,26376,2018-10-24 18:39:32.236000061
384,826,2346,0,26383,2018-10-24 18:39:32.380000114
385,2303,-446,0,26457,2018-10-24 18:39:32.453000069
386,1454,1482,0,26376,2018-10-24 18:39:32.493999958
387,1155,2420,0,26383,2018-10-24 18:39:32.611999989
388,2317,-491,0,26457,2018-10-24 18:39:32.661999941
389,1508,1288,0,26376,2018-10-24 18:39:32.700999975
390,1311,2064,0,26383,2018-10-24 18:39:32.747999907
391,2320,-501,0,26457,2018-10-24 18:39:32.821000099
392,1567,1368,0,26376,2018-10-24 18:39:32.861999989
393,1324,1862,0,26383,2018-10-24 18:39:32.997999907
394,2329,-478,0,26457,2018-10-24 18:39:33.046000004
395,1690,1217,0,26376,2018-10-24 18:39:33.084000111
396,1249,1833,0,26383,2018-10-24 18:39:33.201999903
397,2297,-464,0,26457,2018-10-24 18:39:33.250999927
398,1818,1177,0,26376,2018-10-24 18:39:33.318000078
399,1267,1800,0,26383,2018-10-24 18:39:33.456000090
400,2286,-576,0,26457,2018-10-24 18:39:33.503999949
401,1765,915,0,26376,2018-10-24 18:39:33.543999910
402,1322,1760,0,26383,2018-10-24 18:39:33.591000080
403,2301,-578,0,26457,2018-10-24 18:39:33.641000032
404,2121,1092,0,26376,2018-10-24 18:39:33.680999994
405,1294,1708,0,26383,2018-10-24 18:39:33.819000006
406,2297,-504,0,26457,2018-10-24 18:39:33.872999907
407,2221,1155,0,26376,2018-10-24 18:39:33.924000025
408,1517,1579,0,26383,2018-10-24 18:39:34.042000055
409,2267,-422,0,26457,2018-10-24 18:39:34.088999987
410,2347,1162,0,26376,2018-10-24 18:39:34.130000114
411,1542,1497,0,26383,2018-10-24 18:39:34.181999922
412,2317,-491,0,26457,2018-10-24 18:39:34.232000113
413,2721,1394,0,26376,2018-10-24 18:39:34.311000109
414,1657,1348,0,26383,2018-10-24 18:39:34.454999924
415,2366,-729,0,26457,2018-10-24 18:39:34.505000114
416,2859,1624,0,26376,2018-10-24 18:39:34.542999983
417,1573,1307,0,26383,2018-10-24 18:39:34.657000065
418,2347,-592,0,26457,2018-10-24 18:39:34.710000038
419,2668,1467,0,26376,2018-10-24 18:39:34.749000072
420,1892,1039,0,26383,2018-10-24 18:39:34.903000116
421,2304,-783,0,26457,2018-10-24 18:39:34.967000008
422,2590,1439,0,26376,2018-10-24 18:39:35.003000021
423,1933,943,0,26383,2018-10-24 18:39:35.118000031
424,2309,-680,0,26457,2018-10-24 18:39:35.167999983
425,2590,1444,0,26376,2018-10-24 18:39:35.203999996
426,1993,942,0,26383,2018-10-24 18:39:35.257999896
427,2279,-578,0,26457,2018-10-24 18:39:35.335999966
428,2710,1809,0,26376,2018-10-24 18:39:35.421000004
429,2234,451,0,26383,2018-10-24 18:39:35.496000051
430,2321,-512,0,26457,2018-10-24 18:39:35.548000097
431,2705,1713,0,26376,2018-10-24 18:39:35.588999987
432,2339,648,0,26383,2018-10-24 18:39:35.704999924
433,2327,-459,0,26457,2018-10-24 18:39:35.753000021
434,2563,1444,0,26376,2018-10-24 18:39:35.822000027
435,2623,605,0,26383,2018-10-24 18:39:35.970999956
436,2352,-501,0,26457,2018-10-24 18:39:36.019000053
437,2611,1553,0,26376,2018-10-24 18:39:36.059999943
438,2668,596,0,26383,2018-10-24 18:39:36.183000088
439,2385,-1271,0,26457,2018-10-24 18:39:36.232000113
440,2618,1575,0,26376,2018-10-24 18:39:36.311000109
441,2955,629,0,26383,2018-10-24 18:39:36.467999935
442,2319,-548,0,26457,2018-10-24 18:39:36.517999887
443,2497,1396,0,26376,2018-10-24 18:39:36.558000088
444,2979,146,0,26383,2018-10-24 18:39:36.671999931
445,2319,-577,0,26457,2018-10-24 18:39:36.721999884
446,2508,1403,0,26376,2018-10-24 18:39:36.760999918
447,3100,389,0,26383,2018-10-24 18:39:36.836999893
448,2328,-549,0,26457,2018-10-24 18:39:36.898000002
449,2714,1716,0,26376,2018-10-24 18:39:36.936000109
450,3183,231,0,26383,2018-10-24 18:39:37.051000118
451,2329,-606,0,26457,2018-10-24 18:39:37.101999998
452,2696,1702,0,26376,2018-10-24 18:39:37.138000011
453,3254,31,0,26383,2018-10-24 18:39:37.187000036
454,2355,-705,0,26457,2018-10-24 18:39:37.234999895
455,2719,1675,0,26376,2018-10-24 18:39:37.311000109
456,3164,111,0,26383,2018-10-24 18:39:37.454999924
457,2316,-752,0,26457,2018-10-24 18:39:37.505000114
458,2693,1641,0,26376,2018-10-24 18:39:37.552999973
459,3243,-74,0,26383,2018-10-24 18:39:37.651000023
460,2326,-513,0,26457,2018-10-24 18:39:37.697999954
461,2676,1686,0,26376,2018-10-24 18:39:37.736000061
462,3467,-191,0,26383,2018-10-24 18:39:37.812000036
463,2337,-561,0,26457,2018-10-24 18:39:37.884000063
464,2661,1635,0,26376,2018-10-24 18:39:37.934000015
465,3409,-497,0,26383,2018-10-24 18:39:38.013000011
466,2320,-703,0,26457,2018-10-24 18:39:38.063999891
467,2633,1595,0,26376,2018-10-24 18:39:38.101999998
468,3595,-1161,0,26383,2018-10-24 18:39:38.217000008
469,2356,-638,0,26457,2018-10-24 18:39:38.278000116
470,2611,1509,0,26376,2018-10-24 18:39:38.342999935
471,3389,-801,0,26383,2018-10-24 18:39:38.484999895
472,2346,-527,0,26457,2018-10-24 18:39:38.532000064
473,2585,1474,0,26376,2018-10-24 18:39:38.569000006
474,3422,-853,0,26383,2018-10-24 18:39:38.618999958
475,2334,-605,0,26457,2018-10-24 18:39:38.668999910
476,2593,1493,0,26376,2018-10-24 18:39:38.707000017
477,3500,-806,0,26383,2018-10-24 18:39:38.849999905
478,2306,-700,0,26457,2018-10-24 18:39:38.913000107
479,2558,1465,0,26376,2018-10-24 18:39:38.950999975
480,3346,-1076,0,26383,2018-10-24 18:39:39.068000078
481,2305,-662,0,26457,2018-10-24 18:39:39.115000010
482,2602,1498,0,26376,2018-10-24 18:39:39.153000116
483,3376,-1172,0,26383,2018-10-24 18:39:39.207000017
484,2342,-536,0,26457,2018-10-24 18:39:39.256000041
485,2604,1498,0,26376,2018-10-24 18:39:39.329999924
486,3058,-1621,0,26383,2018-10-24 18:39:39.471999884
487,2370,-585,0,26457,2018-10-24 18:39:39.519999981
488,2579,1406,0,26376,2018-10-24 18:39:39.556999922
489,3182,-1632,0,26383,2018-10-24 18:39:39.674000025
490,2288,-596,0,26457,2018-10-24 18:39:39.723999977
491,2563,1397,0,26376,2018-10-24 18:39:39.765000105
492,3220,-1552,0,26383,2018-10-24 18:39:39.838000059
493,2272,-441,0,26457,2018-10-24 18:39:39.901000023
494,2729,1639,0,26376,2018-10-24 18:39:39.947000027
495,3522,-1700,0,26383,2018-10-24 18:39:40.046000004
496,2246,-926,0,26457,2018-10-24 18:39:40.095999956
497,2518,1398,0,26376,2018-10-24 18:39:40.134999990
498,3198,-1609,0,26383,2018-10-24 18:39:40.250999927
499,2300,-485,0,26457,2018-10-24 18:39:40.328999996
500,2547,1496,0,26376,2018-10-24 18:39:40.387000084
501,3225,-1642,0,26383,2018-10-24 18:39:40.532000064
502,2278,-575,0,26457,2018-10-24 18:39:40.582000017
503,2587,1502,0,26376,2018-10-24 18:39:40.618999958
504,3230,-1631,0,26383,2018-10-24 18:39:40.742000103
505,2302,-527,0,26457,2018-10-24 18:39:40.813999891
506,2569,1496,0,26376,2018-10-24 18:39:40.867000103
507,3228,-1605,0,26383,2018-10-24 18:39:40.997999907
508,2289,-609,0,26457,2018-10-24 18:39:41.049000025
509,2643,1564,0,26376,2018-10-24 18:39:41.085000038
510,3187,-1647,0,26383,2018-10-24 18:39:41.132999897
511,2279,-696,0,26457,2018-10-24 18:39:41.183000088
512,2785,1851,0,26376,2018-10-24 18:39:41.221999884
513,3272,-1349,0,26383,2018-10-24 18:39:41.365999937
514,2291,-855,0,26457,2018-10-24 18:39:41.436000109
515,2611,1518,0,26376,2018-10-24 18:39:41.486999989
516,3209,-1660,0,26383,2018-10-24 18:39:41.602999926
517,2269,-809,0,26457,2018-10-24 18:39:41.653000116
518,2593,1503,0,26376,2018-10-24 18:39:41.700000048
519,3551,-1843,0,26383,2018-10-24 18:39:41.842000008
520,2307,-658,0,26457,2018-10-24 18:39:41.901999950
521,2559,1470,0,26376,2018-10-24 18:39:41.940999985
522,3507,-1572,0,26383,2018-10-24 18:39:42.055000067
523,2280,-669,0,26457,2018-10-24 18:39:42.105999947
524,2547,1474,0,26376,2018-10-24 18:39:42.147000074
525,3455,-1717,0,26383,2018-10-24 18:39:42.200000048
526,2294,-726,0,26457,2018-10-24 18:39:42.247999907
527,2578,1465,0,26376,2018-10-24 18:39:42.319000006
528,3466,-1728,0,26383,2018-10-24 18:39:42.484999895
529,2263,-584,0,26457,2018-10-24 18:39:42.536999941
530,2530,1467,0,26376,2018-10-24 18:39:42.592000008
531,3340,-1125,0,26383,2018-10-24 18:39:42.688999891
532,2310,-624,0,26457,2018-10-24 18:39:42.749000072
533,2536,1459,0,26376,2018-10-24 18:39:42.819000006
534,3344,-1117,0,26383,2018-10-24 18:39:42.950999975
535,2348,-633,0,26457,2018-10-24 18:39:43.007999897
536,2509,1436,0,26376,2018-10-24 18:39:43.059000015
537,3176,-1296,0,26383,2018-10-24 18:39:43.167999983
538,2344,-663,0,26457,2018-10-24 18:39:43.230999947
539,2542,1427,0,26376,2018-10-24 18:39:43.312000036
540,3257,-1272,0,26383,2018-10-24 18:39:43.433000088
541,2329,-567,0,26457,2018-10-24 18:39:43.513999938
542,2572,1450,0,26376,2018-10-24 18:39:43.563999891
543,3473,-1086,0,26383,2018-10-24 18:39:43.637000084
544,2339,-539,0,26457,2018-10-24 18:39:43.687000036
545,2583,1446,0,26376,2018-10-24 18:39:43.727999926
546,3430,-1029,0,26383,2018-10-24 18:39:43.868999958
547,2371,-581,0,26457,2018-10-24 18:39:43.931999922
548,2608,1533,0,26376,2018-10-24 18:39:43.969000101
549,3388,-1090,0,26383,2018-10-24 18:39:44.082999945
550,2348,-671,0,26457,2018-10-24 18:39:44.131000042
551,2794,1831,0,26376,2018-10-24 18:39:44.168999910
552,3360,-1138,0,26383,2018-10-24 18:39:44.234999895
553,2346,-580,0,26457,2018-10-24 18:39:44.299000025
554,2759,1776,0,26376,2018-10-24 18:39:44.362999916
555,3420,-1086,0,26383,2018-10-24 18:39:44.502000093
556,2342,-745,0,26457,2018-10-24 18:39:44.552000046
557,2787,1779,0,26376,2018-10-24 18:39:44.588000059
558,3490,-1104,0,26383,2018-10-24 18:39:44.701999903
559,2360,-870,0,26457,2018-10-24 18:39:44.750000000
560,2713,1695,0,26376,2018-10-24 18:39:44.819000006
561,3445,-1045,0,26383,2018-10-24 18:39:44.960999966
562,2312,-844,0,26457,2018-10-24 18:39:45.010999918
563,2766,1855,0,26376,2018-10-24 18:39:45.049999952
564,3425,-1054,0,26383,2018-10-24 18:39:45.167999983
565,2294,-658,0,26457,2018-10-24 18:39:45.217000008
566,2713,1750,0,26376,2018-10-24 18:39:45.255000114
567,3476,-1037,0,26383,2018-10-24 18:39:45.336999893
568,2279,-775,0,26457,2018-10-24 18:39:45.394999981
569,2674,1648,0,26376,2018-10-24 18:39:45.457999945
570,3500,-943,0,26383,2018-10-24 18:39:45.551000118
571,2296,-714,0,26457,2018-10-24 18:39:45.599999905
572,2719,1829,0,26376,2018-10-24 18:39:45.637000084
573,3528,-926,0,26383,2018-10-24 18:39:45.684000015
574,2261,-673,0,26457,2018-10-24 18:39:45.733000040
575,2685,1716,0,26376,2018-10-24 18:39:45.785000086
576,3496,-934,0,26383,2018-10-24 18:39:45.936000109
577,2271,-581,0,26457,2018-10-24 18:39:45.984999895
578,2748,1823,0,26376,2018-10-24 18:39:46.023000002
579,3463,-1388,0,26383,2018-10-24 18:39:46.138000011
580,2229,-492,0,26457,2018-10-24 18:39:46.187999964
581,2579,1447,0,26376,2018-10-24 18:39:46.223999977
582,3334,-1255,0,26383,2018-10-24 18:39:46.285000086
583,2312,-489,0,26457,2018-10-24 18:39:46.357000113
584,2526,1422,0,26376,2018-10-24 18:39:46.428999901
585,3400,-1200,0,26383,2018-10-24 18:39:46.513000011
586,2304,-459,0,26457,2018-10-24 18:39:46.566999912
587,2639,1453,0,26376,2018-10-24 18:39:46.608999968
588,3545,-1747,0,26383,2018-10-24 18:39:46.726999998
589,2330,-491,0,26457,2018-10-24 18:39:46.789000034
590,2623,1432,0,26376,2018-10-24 18:39:46.854000092
591,3549,-2027,0,26383,2018-10-24 18:39:46.984999895
592,2292,-622,0,26457,2018-10-24 18:39:47.035000086
593,2756,1292,0,26376,2018-10-24 18:39:47.072999954
594,3536,-1521,0,26383,2018-10-24 18:39:47.194999933
595,2252,-537,0,26457,2018-10-24 18:39:47.247999907
596,2700,1434,0,26376,2018-10-24 18:39:47.319999933
597,3520,-1109,0,26383,2018-10-24 18:39:47.480999947
598,2283,-696,0,26457,2018-10-24 18:39:47.530999899
599,2776,1290,0,26376,2018-10-24 18:39:47.572000027
600,3542,-1953,0,26383,2018-10-24 18:39:47.686000109
601,2294,-374,0,26457,2018-10-24 18:39:47.736000061
602,2916,1203,0,26376,2018-10-24 18:39:47.775000095
603,3331,-2227,0,26383,2018-10-24 18:39:47.852999926
604,2340,-388,0,26457,2018-10-24 18:39:47.917999983
605,2941,1120,0,26376,2018-10-24 18:39:47.954999924
606,3506,-1031,0,26383,2018-10-24 18:39:48.065999985
607,2329,-388,0,26457,2018-10-24 18:39:48.115000010
608,3031,1020,0,26376,2018-10-24 18:39:48.153000116
609,3388,-1090,0,26383,2018-10-24 18:39:48.276000023
610,2311,-471,0,26457,2018-10-24 18:39:48.349999905
611,3223,997,0,26376,2018-10-24 18:39:48.430999994
612,1689,3246,0,26383,2018-10-24 18:39:48.546000004
613,2327,-636,0,26457,2018-10-24 18:39:48.595999956
614,3290,950,0,26376,2018-10-24 18:39:48.635999918
615,3500,-1018,0,26383,2018-10-24 18:39:48.750999928
616,2310,-411,0,26457,2018-10-24 18:39:48.822999954
617,3472,907,0,26376,2018-10-24 18:39:48.877000093
618,3375,-1169,0,26383,2018-10-24 18:39:49.003999949
619,2306,-460,0,26457,2018-10-24 18:39:49.052999973
620,3595,795,0,26376,2018-10-24 18:39:49.092000008
621,3615,-822,0,26383,2018-10-24 18:39:49.144999981
622,2288,-437,0,26457,2018-10-24 18:39:49.196000099
623,3718,598,0,26376,2018-10-24 18:39:49.236000061
624,3649,-929,0,26383,2018-10-24 18:39:49.377000093
625,2335,-413,0,26457,2018-10-24 18:39:49.451999903
626,3848,641,0,26376,2018-10-24 18:39:49.487999916
627,3921,-1139,0,26383,2018-10-24 18:39:49.602999926
628,2310,-377,0,26457,2018-10-24 18:39:49.654000044
629,3949,409,0,26376,2018-10-24 18:39:49.690999985
630,3985,-1185,0,26383,2018-10-24 18:39:49.744999886
631,2236,-454,0,26457,2018-10-24 18:39:49.821000099
632,4223,318,0,26376,2018-10-24 18:39:49.875000000
633,3997,-929,0,26383,2018-10-24 18:39:49.993999958
634,2331,-440,0,26457,2018-10-24 18:39:50.046000004
635,4349,145,0,26376,2018-10-24 18:39:50.085000038
636,4743,-697,0,26383,2018-10-24 18:39:50.201999903
637,2324,-470,0,26457,2018-10-24 18:39:50.255000114
638,4494,212,0,26376,2018-10-24 18:39:50.328000069
639,4127,-814,0,26383,2018-10-24 18:39:50.482000113
640,2343,-400,0,26457,2018-10-24 18:39:50.532000064
641,4337,-36,0,26376,2018-10-24 18:39:50.569000006
642,4346,-858,0,26383,2018-10-24 18:39:50.690000057
643,2312,-454,0,26457,2018-10-24 18:39:50.736999989
644,4437,24,0,26376,2018-10-24 18:39:50.778000116
645,4450,-772,0,26383,2018-10-24 18:39:50.852999926
646,2359,-348,0,26457,2018-10-24 18:39:50.928999901
647,4417,100,0,26376,2018-10-24 18:39:50.967999935
648,4573,-843,0,26383,2018-10-24 18:39:51.065000057
649,2364,-440,0,26457,2018-10-24 18:39:51.118000031
650,4300,-162,0,26376,2018-10-24 18:39:51.163000107
651,4730,-975,0,26383,2018-10-24 18:39:51.305999994
652,2363,-411,0,26457,2018-10-24 18:39:51.397000074
653,4067,-515,0,26376,2018-10-24 18:39:51.459000111
654,4940,-891,0,26383,2018-10-24 18:39:51.545000076
655,2344,-388,0,26457,2018-10-24 18:39:51.595999956
656,3942,-591,0,26376,2018-10-24 18:39:51.631999969
657,4993,-808,0,26383,2018-10-24 18:39:51.753000021
658,2323,-405,0,26457,2018-10-24 18:39:51.823999882
659,3827,-750,0,26376,2018-10-24 18:39:51.875999928
660,4992,-849,0,26383,2018-10-24 18:39:52.003999949
661,2347,-417,0,26457,2018-10-24 18:39:52.052000046
662,3770,-837,0,26376,2018-10-24 18:39:52.089999914
663,5052,-953,0,26383,2018-10-24 18:39:52.138000011
664,2301,-454,0,26457,2018-10-24 18:39:52.187000036
665,3412,-1237,0,26376,2018-10-24 18:39:52.226999998
666,5208,-863,0,26383,2018-10-24 18:39:52.369999886
667,2281,-445,0,26457,2018-10-24 18:39:52.444999933
668,3494,-1037,0,26376,2018-10-24 18:39:52.484999895
669,5385,-863,0,26383,2018-10-24 18:39:52.602999926
670,2284,-468,0,26457,2018-10-24 18:39:52.650000095
671,3674,-876,0,26376,2018-10-24 18:39:52.690999985
672,5789,-1024,0,26383,2018-10-24 18:39:52.742000103
673,2295,-427,0,26457,2018-10-24 18:39:52.825000048
674,3273,-1469,0,26376,2018-10-24 18:39:52.877000093
675,5583,-947,0,26383,2018-10-24 18:39:52.986999989
676,2316,-399,0,26457,2018-10-24 18:39:53.033999920
677,3274,-1531,0,26376,2018-10-24 18:39:53.071000099
678,6229,-990,0,26383,2018-10-24 18:39:53.187999964
679,2289,-421,0,26457,2018-10-24 18:39:53.236000061
680,3318,-1555,0,26376,2018-10-24 18:39:53.273999929
681,5741,-1110,0,26383,2018-10-24 18:39:53.355000019
682,2324,-418,0,26457,2018-10-24 18:39:53.434000015
683,3546,-1175,0,26376,2018-10-24 18:39:53.471999884
684,5556,-1132,0,26383,2018-10-24 18:39:53.572000027
685,2345,-402,0,26457,2018-10-24 18:39:53.621999979
686,3507,-1037,0,26376,2018-10-24 18:39:53.661000013
687,5706,-1118,0,26383,2018-10-24 18:39:53.792999983
688,2293,-398,0,26457,2018-10-24 18:39:53.869999886
689,3424,-1267,0,26376,2018-10-24 18:39:53.921000004
690,5667,-1073,0,26383,2018-10-24 18:39:54.042000055
691,2304,-406,0,26457,2018-10-24 18:39:54.092999935
692,3439,-1190,0,26376,2018-10-24 18:39:54.131999969
693,5729,-1014,0,26383,2018-10-24 18:39:54.180000067
694,2325,-389,0,26457,2018-10-24 18:39:54.230000019
695,3470,-1219,0,26376,2018-10-24 18:39:54.270999908
696,5624,-986,0,26383,2018-10-24 18:39:54.433000088
697,2315,-412,0,26457,2018-10-24 18:39:54.503000020
698,3388,-1419,0,26376,2018-10-24 18:39:54.552000046
